epoch,phase,loss,l_tau,l_fri,l_E
1,S0-W,2.9781498575911804,1.666600871612044,1.3115489833495195,307.51141593035527
