epoch,phase,loss,l_tau,l_fri,l_E
1,S0-W,3.154651626944542,1.7588840598861377,1.3957675695419312,872.2187589009603
