epoch,phase,loss,l_tau,l_fri,l_E
1,S1,19.639834117889404,1.5504235923290253,0.0,18.08941056728363
50,S1,0.9841920480132103,0.6447100728750229,0.0,0.339481969922781
100,S1,0.5437574177980423,0.46151237189769745,0.0,0.0822450490668416
150,S1,0.4622329533100128,0.39968042597174647,0.0,0.06255252715200185
200,S1,0.37490955665707587,0.3386796280741692,0.0,0.03622993174940348
250,S1,0.32612770423293114,0.3021786756813526,0.0,0.023949031066149474
300,S1,0.3050366424024105,0.28528014570474625,0.0,0.019756496464833618
350,S1,0.277691949903965,0.26164720542728903,0.0,0.01604474305640906
