epoch,phase,loss,l_tau,l_fri,l_E
1,S1,1.3649762958288192,1.3649762958288192,0.0,27.245452165603638
